dataset,method,metric_name,metric_value,ci_lower,ci_upper,feature_dim,best_c,best_lr,best_batch_size,n_train,n_val,n_test,seed,model,name,normalization,image_size,interpolation,partition,bands,num_classes,c_range_start,c_range_stop,c_range_num,merge_val,bootstrap,fw_iou,precision,recall,f1,ece,rms_ce,mce,ece_ts,rms_ce_ts,mce_ts,temperature,calibration_n_bins
eurosat-spatial,intrinsic_dim,id_TwoNN_train,10.031746864318848,0.0,0.0,768,,,,16200,5400,5400,0,torchgeo_bench.models.TerraTorchTerraMindBench,tt_terramind_v1_base,bandspec_zscore,224,bilinear,default,all,10,-6,4,40,True,200,,,,,,,,,,,,
eurosat-spatial,intrinsic_dim,id_MLE_train,7.404906749725342,0.0,0.0,768,,,,16200,5400,5400,0,torchgeo_bench.models.TerraTorchTerraMindBench,tt_terramind_v1_base,bandspec_zscore,224,bilinear,default,all,10,-6,4,40,True,200,,,,,,,,,,,,
eurosat-spatial,intrinsic_dim,id_lPCA_train,8.0,0.0,0.0,768,,,,16200,5400,5400,0,torchgeo_bench.models.TerraTorchTerraMindBench,tt_terramind_v1_base,bandspec_zscore,224,bilinear,default,all,10,-6,4,40,True,200,,,,,,,,,,,,
eurosat-spatial,intrinsic_dim,id_TwoNN_train,12.949898719787598,0.0,0.0,768,,,,16200,5400,5400,0,torchgeo_bench.models.TerraTorchTerraMindBench,tt_terramind_v1_base,model_native,224,bilinear,default,all,10,-6,4,40,True,200,,,,,,,,,,,,
eurosat-spatial,intrinsic_dim,id_MLE_train,10.036585807800293,0.0,0.0,768,,,,16200,5400,5400,0,torchgeo_bench.models.TerraTorchTerraMindBench,tt_terramind_v1_base,model_native,224,bilinear,default,all,10,-6,4,40,True,200,,,,,,,,,,,,
eurosat-spatial,intrinsic_dim,id_lPCA_train,10.0,0.0,0.0,768,,,,16200,5400,5400,0,torchgeo_bench.models.TerraTorchTerraMindBench,tt_terramind_v1_base,model_native,224,bilinear,default,all,10,-6,4,40,True,200,,,,,,,,,,,,
forestnet,intrinsic_dim,id_TwoNN_train,6.223726272583008,0.0,0.0,768,,,,6464,989,993,0,torchgeo_bench.models.TerraTorchTerraMindBench,tt_terramind_v1_base,bandspec_zscore,224,bilinear,default,all,12,-6,4,40,True,200,,,,,,,,,,,,
forestnet,intrinsic_dim,id_MLE_train,4.661242961883545,0.0,0.0,768,,,,6464,989,993,0,torchgeo_bench.models.TerraTorchTerraMindBench,tt_terramind_v1_base,bandspec_zscore,224,bilinear,default,all,12,-6,4,40,True,200,,,,,,,,,,,,
forestnet,intrinsic_dim,id_lPCA_train,8.0,0.0,0.0,768,,,,6464,989,993,0,torchgeo_bench.models.TerraTorchTerraMindBench,tt_terramind_v1_base,bandspec_zscore,224,bilinear,default,all,12,-6,4,40,True,200,,,,,,,,,,,,
forestnet,intrinsic_dim,id_TwoNN_train,,0.0,0.0,768,,,,6464,989,993,0,torchgeo_bench.models.TerraTorchTerraMindBench,tt_terramind_v1_base,model_native,224,bilinear,default,all,12,-6,4,40,True,200,,,,,,,,,,,,
forestnet,intrinsic_dim,id_MLE_train,5.158417224884033,0.0,0.0,768,,,,6464,989,993,0,torchgeo_bench.models.TerraTorchTerraMindBench,tt_terramind_v1_base,model_native,224,bilinear,default,all,12,-6,4,40,True,200,,,,,,,,,,,,
forestnet,intrinsic_dim,id_lPCA_train,12.0,0.0,0.0,768,,,,6464,989,993,0,torchgeo_bench.models.TerraTorchTerraMindBench,tt_terramind_v1_base,model_native,224,bilinear,default,all,12,-6,4,40,True,200,,,,,,,,,,,,
benv2,intrinsic_dim,id_TwoNN_train,10.602877616882324,0.0,0.0,768,,,,20000,4000,4000,0,torchgeo_bench.models.TerraTorchTerraMindBench,tt_terramind_v1_base,bandspec_zscore,224,bilinear,default,all,19,-6,4,40,True,200,,,,,,,,,,,,
benv2,intrinsic_dim,id_MLE_train,7.696018218994141,0.0,0.0,768,,,,20000,4000,4000,0,torchgeo_bench.models.TerraTorchTerraMindBench,tt_terramind_v1_base,bandspec_zscore,224,bilinear,default,all,19,-6,4,40,True,200,,,,,,,,,,,,
benv2,intrinsic_dim,id_lPCA_train,5.0,0.0,0.0,768,,,,20000,4000,4000,0,torchgeo_bench.models.TerraTorchTerraMindBench,tt_terramind_v1_base,bandspec_zscore,224,bilinear,default,all,19,-6,4,40,True,200,,,,,,,,,,,,
m-brick-kiln,intrinsic_dim,id_TwoNN_train,8.218703269958496,0.0,0.0,768,,,,15063,999,999,0,torchgeo_bench.models.TerraTorchTerraMindBench,tt_terramind_v1_base,bandspec_zscore,224,bilinear,default,all,2,-6,4,40,True,200,,,,,,,,,,,,
m-brick-kiln,intrinsic_dim,id_MLE_train,7.934467792510986,0.0,0.0,768,,,,15063,999,999,0,torchgeo_bench.models.TerraTorchTerraMindBench,tt_terramind_v1_base,bandspec_zscore,224,bilinear,default,all,2,-6,4,40,True,200,,,,,,,,,,,,
m-brick-kiln,intrinsic_dim,id_lPCA_train,6.0,0.0,0.0,768,,,,15063,999,999,0,torchgeo_bench.models.TerraTorchTerraMindBench,tt_terramind_v1_base,bandspec_zscore,224,bilinear,default,all,2,-6,4,40,True,200,,,,,,,,,,,,
m-eurosat,intrinsic_dim,id_TwoNN_train,7.071594715118408,0.0,0.0,768,,,,2000,1000,1000,0,torchgeo_bench.models.TerraTorchTerraMindBench,tt_terramind_v1_base,bandspec_zscore,224,bilinear,default,all,10,-6,4,40,True,200,,,,,,,,,,,,
m-eurosat,intrinsic_dim,id_MLE_train,5.817711353302002,0.0,0.0,768,,,,2000,1000,1000,0,torchgeo_bench.models.TerraTorchTerraMindBench,tt_terramind_v1_base,bandspec_zscore,224,bilinear,default,all,10,-6,4,40,True,200,,,,,,,,,,,,
m-eurosat,intrinsic_dim,id_lPCA_train,7.0,0.0,0.0,768,,,,2000,1000,1000,0,torchgeo_bench.models.TerraTorchTerraMindBench,tt_terramind_v1_base,bandspec_zscore,224,bilinear,default,all,10,-6,4,40,True,200,,,,,,,,,,,,
m-bigearthnet,intrinsic_dim,id_TwoNN_train,10.7388916015625,0.0,0.0,768,,,,20000,1000,1000,0,torchgeo_bench.models.TerraTorchTerraMindBench,tt_terramind_v1_base,bandspec_zscore,224,bilinear,default,all,43,-6,4,40,True,200,,,,,,,,,,,,
m-bigearthnet,intrinsic_dim,id_MLE_train,9.02181625366211,0.0,0.0,768,,,,20000,1000,1000,0,torchgeo_bench.models.TerraTorchTerraMindBench,tt_terramind_v1_base,bandspec_zscore,224,bilinear,default,all,43,-6,4,40,True,200,,,,,,,,,,,,
m-bigearthnet,intrinsic_dim,id_lPCA_train,6.0,0.0,0.0,768,,,,20000,1000,1000,0,torchgeo_bench.models.TerraTorchTerraMindBench,tt_terramind_v1_base,bandspec_zscore,224,bilinear,default,all,43,-6,4,40,True,200,,,,,,,,,,,,
m-brick-kiln,intrinsic_dim,id_TwoNN_train,10.435673713684082,0.0,0.0,768,,,,15063,999,999,0,torchgeo_bench.models.TerraTorchTerraMindBench,tt_terramind_v1_base,model_native,224,bilinear,default,all,2,-6,4,40,True,200,,,,,,,,,,,,
m-brick-kiln,intrinsic_dim,id_MLE_train,10.984413146972656,0.0,0.0,768,,,,15063,999,999,0,torchgeo_bench.models.TerraTorchTerraMindBench,tt_terramind_v1_base,model_native,224,bilinear,default,all,2,-6,4,40,True,200,,,,,,,,,,,,
m-brick-kiln,intrinsic_dim,id_lPCA_train,5.0,0.0,0.0,768,,,,15063,999,999,0,torchgeo_bench.models.TerraTorchTerraMindBench,tt_terramind_v1_base,model_native,224,bilinear,default,all,2,-6,4,40,True,200,,,,,,,,,,,,
m-bigearthnet,intrinsic_dim,id_TwoNN_train,11.300496101379395,0.0,0.0,768,,,,20000,1000,1000,0,torchgeo_bench.models.TerraTorchTerraMindBench,tt_terramind_v1_base,model_native,224,bilinear,default,all,43,-6,4,40,True,200,,,,,,,,,,,,
m-bigearthnet,intrinsic_dim,id_MLE_train,9.741500854492188,0.0,0.0,768,,,,20000,1000,1000,0,torchgeo_bench.models.TerraTorchTerraMindBench,tt_terramind_v1_base,model_native,224,bilinear,default,all,43,-6,4,40,True,200,,,,,,,,,,,,
m-bigearthnet,intrinsic_dim,id_lPCA_train,13.0,0.0,0.0,768,,,,20000,1000,1000,0,torchgeo_bench.models.TerraTorchTerraMindBench,tt_terramind_v1_base,model_native,224,bilinear,default,all,43,-6,4,40,True,200,,,,,,,,,,,,
m-eurosat,intrinsic_dim,id_TwoNN_train,8.321721076965332,0.0,0.0,768,,,,2000,1000,1000,0,torchgeo_bench.models.TerraTorchTerraMindBench,tt_terramind_v1_base,model_native,224,bilinear,default,all,10,-6,4,40,True,200,,,,,,,,,,,,
m-eurosat,intrinsic_dim,id_MLE_train,6.396105766296387,0.0,0.0,768,,,,2000,1000,1000,0,torchgeo_bench.models.TerraTorchTerraMindBench,tt_terramind_v1_base,model_native,224,bilinear,default,all,10,-6,4,40,True,200,,,,,,,,,,,,
m-eurosat,intrinsic_dim,id_lPCA_train,4.0,0.0,0.0,768,,,,2000,1000,1000,0,torchgeo_bench.models.TerraTorchTerraMindBench,tt_terramind_v1_base,model_native,224,bilinear,default,all,10,-6,4,40,True,200,,,,,,,,,,,,
m-pv4ger,intrinsic_dim,id_TwoNN_train,10.334962844848633,0.0,0.0,768,,,,11814,999,999,0,torchgeo_bench.models.TerraTorchTerraMindBench,tt_terramind_v1_base,bandspec_zscore,224,bilinear,default,all,2,-6,4,40,True,200,,,,,,,,,,,,
m-pv4ger,intrinsic_dim,id_MLE_train,8.33853816986084,0.0,0.0,768,,,,11814,999,999,0,torchgeo_bench.models.TerraTorchTerraMindBench,tt_terramind_v1_base,bandspec_zscore,224,bilinear,default,all,2,-6,4,40,True,200,,,,,,,,,,,,
m-pv4ger,intrinsic_dim,id_lPCA_train,5.0,0.0,0.0,768,,,,11814,999,999,0,torchgeo_bench.models.TerraTorchTerraMindBench,tt_terramind_v1_base,bandspec_zscore,224,bilinear,default,all,2,-6,4,40,True,200,,,,,,,,,,,,
m-pv4ger,intrinsic_dim,id_TwoNN_train,10.540565490722656,0.0,0.0,768,,,,11814,999,999,0,torchgeo_bench.models.TerraTorchTerraMindBench,tt_terramind_v1_base,model_native,224,bilinear,default,all,2,-6,4,40,True,200,,,,,,,,,,,,
m-pv4ger,intrinsic_dim,id_MLE_train,8.220707893371582,0.0,0.0,768,,,,11814,999,999,0,torchgeo_bench.models.TerraTorchTerraMindBench,tt_terramind_v1_base,model_native,224,bilinear,default,all,2,-6,4,40,True,200,,,,,,,,,,,,
m-pv4ger,intrinsic_dim,id_lPCA_train,4.0,0.0,0.0,768,,,,11814,999,999,0,torchgeo_bench.models.TerraTorchTerraMindBench,tt_terramind_v1_base,model_native,224,bilinear,default,all,2,-6,4,40,True,200,,,,,,,,,,,,
m-forestnet,intrinsic_dim,id_TwoNN_train,,0.0,0.0,768,,,,6464,989,993,0,torchgeo_bench.models.TerraTorchTerraMindBench,tt_terramind_v1_base,model_native,224,bilinear,default,all,12,-6,4,40,True,200,,,,,,,,,,,,
m-forestnet,intrinsic_dim,id_MLE_train,4.960694789886475,0.0,0.0,768,,,,6464,989,993,0,torchgeo_bench.models.TerraTorchTerraMindBench,tt_terramind_v1_base,model_native,224,bilinear,default,all,12,-6,4,40,True,200,,,,,,,,,,,,
m-forestnet,intrinsic_dim,id_lPCA_train,14.0,0.0,0.0,768,,,,6464,989,993,0,torchgeo_bench.models.TerraTorchTerraMindBench,tt_terramind_v1_base,model_native,224,bilinear,default,all,12,-6,4,40,True,200,,,,,,,,,,,,
m-forestnet,intrinsic_dim,id_TwoNN_train,,0.0,0.0,768,,,,6464,989,993,0,torchgeo_bench.models.TerraTorchTerraMindBench,tt_terramind_v1_base,bandspec_zscore,224,bilinear,default,all,12,-6,4,40,True,200,,,,,,,,,,,,
m-forestnet,intrinsic_dim,id_MLE_train,4.408261299133301,0.0,0.0,768,,,,6464,989,993,0,torchgeo_bench.models.TerraTorchTerraMindBench,tt_terramind_v1_base,bandspec_zscore,224,bilinear,default,all,12,-6,4,40,True,200,,,,,,,,,,,,
m-forestnet,intrinsic_dim,id_lPCA_train,9.0,0.0,0.0,768,,,,6464,989,993,0,torchgeo_bench.models.TerraTorchTerraMindBench,tt_terramind_v1_base,bandspec_zscore,224,bilinear,default,all,12,-6,4,40,True,200,,,,,,,,,,,,
m-so2sat,intrinsic_dim,id_TwoNN_train,6.5691986083984375,0.0,0.0,768,,,,19992,986,986,0,torchgeo_bench.models.TerraTorchTerraMindBench,tt_terramind_v1_base,bandspec_zscore,224,bilinear,default,all,17,-6,4,40,True,200,,,,,,,,,,,,
m-so2sat,intrinsic_dim,id_MLE_train,6.2535319328308105,0.0,0.0,768,,,,19992,986,986,0,torchgeo_bench.models.TerraTorchTerraMindBench,tt_terramind_v1_base,bandspec_zscore,224,bilinear,default,all,17,-6,4,40,True,200,,,,,,,,,,,,
m-so2sat,intrinsic_dim,id_lPCA_train,7.0,0.0,0.0,768,,,,19992,986,986,0,torchgeo_bench.models.TerraTorchTerraMindBench,tt_terramind_v1_base,bandspec_zscore,224,bilinear,default,all,17,-6,4,40,True,200,,,,,,,,,,,,
so2sat,intrinsic_dim,id_TwoNN_train,6.553776264190674,0.0,0.0,768,,,,19992,986,986,0,torchgeo_bench.models.TerraTorchTerraMindBench,tt_terramind_v1_base,bandspec_zscore,224,bilinear,default,all,17,-6,4,40,True,200,,,,,,,,,,,,
so2sat,intrinsic_dim,id_MLE_train,6.303178310394287,0.0,0.0,768,,,,19992,986,986,0,torchgeo_bench.models.TerraTorchTerraMindBench,tt_terramind_v1_base,bandspec_zscore,224,bilinear,default,all,17,-6,4,40,True,200,,,,,,,,,,,,
so2sat,intrinsic_dim,id_lPCA_train,7.0,0.0,0.0,768,,,,19992,986,986,0,torchgeo_bench.models.TerraTorchTerraMindBench,tt_terramind_v1_base,bandspec_zscore,224,bilinear,default,all,17,-6,4,40,True,200,,,,,,,,,,,,
treesatai,intrinsic_dim,id_TwoNN_train,13.286590576171875,0.0,0.0,768,,,,4000,1000,2000,0,torchgeo_bench.models.TerraTorchTerraMindBench,tt_terramind_v1_base,bandspec_zscore,224,bilinear,default,all,15,-6,4,40,True,200,,,,,,,,,,,,
treesatai,intrinsic_dim,id_MLE_train,9.926896095275879,0.0,0.0,768,,,,4000,1000,2000,0,torchgeo_bench.models.TerraTorchTerraMindBench,tt_terramind_v1_base,bandspec_zscore,224,bilinear,default,all,15,-6,4,40,True,200,,,,,,,,,,,,
treesatai,intrinsic_dim,id_lPCA_train,7.0,0.0,0.0,768,,,,4000,1000,2000,0,torchgeo_bench.models.TerraTorchTerraMindBench,tt_terramind_v1_base,bandspec_zscore,224,bilinear,default,all,15,-6,4,40,True,200,,,,,,,,,,,,
resisc45,intrinsic_dim,id_TwoNN_train,11.154611587524414,0.0,0.0,768,,,,18900,6300,6300,0,torchgeo_bench.models.TerraTorchTerraMindBench,tt_terramind_v1_base,bandspec_zscore,224,bilinear,default,rgb,45,f5986aec36c603b6,-6,4,40,True,200,,,,,,,,,,,,,,
resisc45,intrinsic_dim,id_MLE_train,10.181818008422852,0.0,0.0,768,,,,18900,6300,6300,0,torchgeo_bench.models.TerraTorchTerraMindBench,tt_terramind_v1_base,bandspec_zscore,224,bilinear,default,rgb,45,f5986aec36c603b6,-6,4,40,True,200,,,,,,,,,,,,,,
resisc45,intrinsic_dim,id_lPCA_train,7.0,0.0,0.0,768,,,,18900,6300,6300,0,torchgeo_bench.models.TerraTorchTerraMindBench,tt_terramind_v1_base,bandspec_zscore,224,bilinear,default,rgb,45,f5986aec36c603b6,-6,4,40,True,200,,,,,,,,,,,,,,
resisc45,intrinsic_dim,spectrum_effective_rank_train,11.835677804393068,0.0,0.0,768,,,,18900,6300,6300,0,torchgeo_bench.models.TerraTorchTerraMindBench,tt_terramind_v1_base,bandspec_zscore,224,bilinear,default,rgb,45,f5986aec36c603b6,-6,4,40,True,200,,,,,,,,,,,,,,
resisc45,intrinsic_dim,spectrum_participation_ratio_train,4.982156492907672,0.0,0.0,768,,,,18900,6300,6300,0,torchgeo_bench.models.TerraTorchTerraMindBench,tt_terramind_v1_base,bandspec_zscore,224,bilinear,default,rgb,45,f5986aec36c603b6,-6,4,40,True,200,,,,,,,,,,,,,,
resisc45,intrinsic_dim,spectrum_pc1_variance_ratio_train,0.35156988607369394,0.0,0.0,768,,,,18900,6300,6300,0,torchgeo_bench.models.TerraTorchTerraMindBench,tt_terramind_v1_base,bandspec_zscore,224,bilinear,default,rgb,45,f5986aec36c603b6,-6,4,40,True,200,,,,,,,,,,,,,,
resisc45,intrinsic_dim,spectrum_pc10_variance_ratio_train,0.8534064457222934,0.0,0.0,768,,,,18900,6300,6300,0,torchgeo_bench.models.TerraTorchTerraMindBench,tt_terramind_v1_base,bandspec_zscore,224,bilinear,default,rgb,45,f5986aec36c603b6,-6,4,40,True,200,,,,,,,,,,,,,,
resisc45,intrinsic_dim,spectrum_spectral_anisotropy_train,0.35072447523415506,0.0,0.0,768,,,,18900,6300,6300,0,torchgeo_bench.models.TerraTorchTerraMindBench,tt_terramind_v1_base,bandspec_zscore,224,bilinear,default,rgb,45,f5986aec36c603b6,-6,4,40,True,200,,,,,,,,,,,,,,
