model,model_config,dataset,bands,variant,epochs,lr,lr_scheduler,probe_batch_size,test_miou,test_fw_iou,test_precision,test_recall,test_f1,best_val_epoch,best_val_miou,final_val_miou,drop_from_best_val,baseline_test_miou,delta_vs_baseline,baseline_final_val_miou,delta_vs_baseline_final_val
convnext_large_dinov3,timm/convnext_large_dinov3,burn_scars,all,baseline_10ep_cosine_1e-3,10,0.001,cosine,8,0.8937009572982788,0.947303295135498,0.951900839805603,0.931494951248169,0.9410126209259032,10,0.866,0.866,0.0,0.8937009572982788,0.0,0.866,0.0
convnext_large_dinov3,timm/convnext_large_dinov3,burn_scars,all,low_lr_30ep_cosine_3e-4,30,0.0003,cosine,8,0.9051717519760132,0.9507144093513488,0.9640704989433287,0.9327802658081056,0.947439432144165,26,0.8858,0.8832,0.0026000000000000467,0.8937009572982788,0.011470794677734375,0.866,0.017199999999999993
convnext_large_dinov3,timm/convnext_large_dinov3,burn_scars,all,long_30ep_cosine_1e-3,30,0.001,cosine,8,0.9021622538566588,0.9506906270980836,0.9578838348388672,0.9354445934295654,0.945987343788147,28,0.8826,0.8784,0.0042000000000000925,0.8937009572982788,0.008461296558380016,0.866,0.012399999999999967
convnext_large_dinov3,timm/convnext_large_dinov3,burn_scars,all,constant_30ep_1e-3,30,0.001,none,8,0.9031320810317992,0.9505395889282228,0.9607812166213988,0.933099627494812,0.9465157985687256,30,0.887,0.887,0.0,0.8937009572982788,0.009431123733520397,0.866,0.02100000000000002
convnext_large_dinov3,timm/convnext_large_dinov3,burn_scars,all,high_lr_30ep_cosine_3e-3,30,0.003,cosine,8,0.8876528143882751,0.9431315064430236,0.9442805051803588,0.9307651519775392,0.937113344669342,28,0.8721,0.8674,0.0047000000000000375,0.8937009572982788,-0.006048142910003662,0.866,0.0013999999999999568
convnext_large_dinov3,timm/convnext_large_dinov3,burn_scars,all,long_50ep_cosine_1e-3,50,0.001,cosine,8,0.8995827436447144,0.9476518630981444,0.9649192094802856,0.9258143305778505,0.943899631500244,38,0.886,0.8838,0.0021999999999999797,0.8937009572982788,0.005881786346435547,0.866,0.017800000000000038
convnext_large_dinov3,timm/convnext_large_dinov3,cloudsen12,rgb,baseline_10ep_cosine_1e-3,10,0.001,cosine,8,0.6643866896629333,0.7774145603179932,0.802072286605835,0.7717488408088684,0.7853246927261353,7,0.6845,0.6837,0.0008000000000000229,0.6643866896629333,0.0,0.6837,0.0
convnext_large_dinov3,timm/convnext_large_dinov3,cloudsen12,rgb,low_lr_30ep_cosine_3e-4,30,0.0003,cosine,8,0.66130530834198,0.7754971981048584,0.7937567234039307,0.7728410959243774,0.7824965119361877,23,0.6837,0.681,0.0026999999999999247,0.6643866896629333,-0.003081381320953369,0.6837,-0.0026999999999999247
convnext_large_dinov3,timm/convnext_large_dinov3,cloudsen12,rgb,long_30ep_cosine_1e-3,30,0.001,cosine,8,0.6598809361457825,0.7739850878715515,0.7904187440872192,0.773452877998352,0.7813808917999268,23,0.6829,0.6788,0.0040999999999999925,0.6643866896629333,-0.004505753517150879,0.6837,-0.0049000000000000155
convnext_large_dinov3,timm/convnext_large_dinov3,cloudsen12,rgb,constant_30ep_1e-3,30,0.001,none,8,0.6573255658149719,0.7731266021728516,0.7968862056732178,0.7651277780532837,0.7792657613754272,22,0.6816,0.6767,0.0049000000000000155,0.6643866896629333,-0.007061123847961426,0.6837,-0.007000000000000006
convnext_large_dinov3,timm/convnext_large_dinov3,cloudsen12,rgb,high_lr_30ep_cosine_3e-3,30,0.003,cosine,8,0.6584055423736572,0.7737116813659668,0.789818286895752,0.7711247205734253,0.779804527759552,18,0.6852,0.6804,0.0048000000000000265,0.6643866896629333,-0.005981147289276123,0.6837,-0.0032999999999999696
convnext_large_dinov3,timm/convnext_large_dinov3,cloudsen12,rgb,long_50ep_cosine_1e-3,50,0.001,cosine,8,0.6531204581260681,0.7707002758979797,0.7892812490463257,0.7637292146682739,0.7752431035041809,22,0.6834,0.6729,0.010499999999999954,0.6643866896629333,-0.011266231536865234,0.6837,-0.01079999999999992
convnext_large_dinov3,timm/convnext_large_dinov3,dynamic_earthnet,rgb,baseline_10ep_cosine_1e-3,10,0.001,cosine,8,0.331862211227417,0.4405878782272339,0.5688928961753845,0.4410641491413116,0.4686592221260071,10,0.343,0.343,0.0,0.331862211227417,0.0,0.343,0.0
convnext_large_dinov3,timm/convnext_large_dinov3,dynamic_earthnet,rgb,low_lr_30ep_cosine_3e-4,30,0.0003,cosine,8,0.3260615468025207,0.4495216012001037,0.5785399675369263,0.426006942987442,0.4581853747367859,10,0.3346,0.3145,0.020100000000000007,0.331862211227417,-0.005800664424896296,0.343,-0.028500000000000025
convnext_large_dinov3,timm/convnext_large_dinov3,dynamic_earthnet,rgb,long_30ep_cosine_1e-3,30,0.001,cosine,8,0.3368237614631653,0.4538514018058777,0.580208420753479,0.4381187856197357,0.4705527126789093,10,0.3402,0.3187,0.02150000000000002,0.331862211227417,0.004961550235748291,0.343,-0.024300000000000044
convnext_large_dinov3,timm/convnext_large_dinov3,dynamic_earthnet,rgb,constant_30ep_1e-3,30,0.001,none,8,0.3096651434898376,0.4362151026725769,0.5576918125152588,0.4215155839920044,0.438095211982727,10,0.3383,0.3228,0.015500000000000014,0.331862211227417,-0.0221970677375794,0.343,-0.02020000000000005
convnext_large_dinov3,timm/convnext_large_dinov3,dynamic_earthnet,rgb,high_lr_30ep_cosine_3e-3,30,0.003,cosine,8,0.3292453289031982,0.4457194805145263,0.5778950452804565,0.4301077425479889,0.4615342617034912,15,0.3435,0.3198,0.023700000000000054,0.331862211227417,-0.0026168823242188055,0.343,-0.023200000000000054
convnext_large_dinov3,timm/convnext_large_dinov3,dynamic_earthnet,rgb,long_50ep_cosine_1e-3,50,0.001,cosine,8,0.3105401396751404,0.43141770362854,0.5559329986572266,0.4200094938278198,0.4436264038085937,21,0.3443,0.3193,0.025000000000000022,0.331862211227417,-0.02132207155227661,0.343,-0.023700000000000054
convnext_large_dinov3,timm/convnext_large_dinov3,pastis,rgb,baseline_10ep_cosine_1e-3,10,0.001,cosine,8,0.1227815821766853,0.3757569789886474,0.2282695323228836,0.1814128011465072,0.1898925155401229,9,0.12,0.1185,0.0015000000000000013,0.1227815821766853,0.0,0.1185,0.0
convnext_large_dinov3,timm/convnext_large_dinov3,pastis,rgb,low_lr_30ep_cosine_3e-4,30,0.0003,cosine,8,0.1211763769388198,0.3705980479717254,0.2170060873031616,0.1800035536289215,0.1888799667358398,12,0.1197,0.1158,0.0039000000000000007,0.1227815821766853,-0.0016052052378655035,0.1185,-0.002699999999999994
convnext_large_dinov3,timm/convnext_large_dinov3,pastis,rgb,long_30ep_cosine_1e-3,30,0.001,cosine,8,0.1191548258066177,0.3701480329036712,0.2117090225219726,0.1775750070810318,0.1857704520225525,9,0.1191,0.1164,0.002699999999999994,0.1227815821766853,-0.0036267563700676103,0.1185,-0.0020999999999999908
convnext_large_dinov3,timm/convnext_large_dinov3,pastis,rgb,constant_30ep_1e-3,30,0.001,none,8,0.1135765612125396,0.356900155544281,0.1977327764034271,0.1748461425304412,0.1771491318941116,9,0.1186,0.1085,0.010099999999999998,0.1227815821766853,-0.009205020964145702,0.1185,-0.009999999999999995
convnext_large_dinov3,timm/convnext_large_dinov3,pastis,rgb,high_lr_30ep_cosine_3e-3,30,0.003,cosine,8,0.1183789297938346,0.3689319789409637,0.2077399343252182,0.1773183196783065,0.1847422271966934,9,0.1197,0.1139,0.0058,0.1227815821766853,-0.0044026523828507025,0.1185,-0.004599999999999993
convnext_large_dinov3,timm/convnext_large_dinov3,pastis,rgb,long_50ep_cosine_1e-3,50,0.001,cosine,8,0.1122075319290161,0.3579165041446686,0.2018301486968994,0.1679327487945556,0.1756319105625152,9,0.1187,0.1095,0.0092,0.1227815821766853,-0.010574050247669206,0.1185,-0.008999999999999994
densenet121,timm/densenet121,burn_scars,all,baseline_10ep_cosine_1e-3,10,0.001,cosine,8,0.883628249168396,0.9391257762908936,0.9502236843109132,0.9197382926940918,0.9338996410369872,8,0.862356,0.859294,0.003062000000000009,0.883628249168396,0.0,0.859294,0.0
densenet121,timm/densenet121,burn_scars,all,low_lr_30ep_cosine_3e-4,30,0.0003,cosine,8,0.8918589949607849,0.9423343539237976,0.9553670883178712,0.924181580543518,0.938859522342682,20,0.875421,0.871386,0.004035000000000011,0.883628249168396,0.008230745792388916,0.859294,0.012091999999999992
densenet121,timm/densenet121,burn_scars,all,long_30ep_cosine_1e-3,30,0.001,cosine,8,0.8909584879875183,0.9418878555297852,0.9514414668083192,0.9265092611312866,0.9383842349052428,20,0.874029,0.869774,0.004254999999999898,0.883628249168396,0.0073302388191223145,0.859294,0.010480000000000045
densenet121,timm/densenet121,burn_scars,all,constant_30ep_1e-3,30,0.001,none,8,0.8850763440132141,0.938547432422638,0.9451843500137328,0.9248348474502563,0.934746026992798,27,0.873125,0.86758,0.005545000000000022,0.883628249168396,0.0014480948448181152,0.859294,0.008286000000000016
densenet121,timm/densenet121,burn_scars,all,high_lr_30ep_cosine_3e-3,30,0.003,cosine,8,0.8816443681716919,0.9368115663528442,0.9441925287246704,0.921692967414856,0.9324675798416138,20,0.862105,0.855969,0.00613600000000003,0.883628249168396,-0.0019838809967041016,0.859294,-0.0033250000000000224
densenet121,timm/densenet121,burn_scars,all,long_50ep_cosine_1e-3,50,0.001,cosine,8,0.8925162553787231,0.9426734447479248,0.9528915882110596,0.9270398616790771,0.9393473863601683,20,0.876757,0.874218,0.002538999999999958,0.883628249168396,0.008888006210327148,0.859294,0.014924000000000048
densenet121,timm/densenet121,cloudsen12,rgb,baseline_10ep_cosine_1e-3,10,0.001,cosine,8,0.6427465081214905,0.760617196559906,0.7822574377059937,0.7558410167694092,0.7675367593765259,8,0.664891,0.663811,0.0010799999999999699,0.6427465081214905,0.0,0.663811,0.0
densenet121,timm/densenet121,cloudsen12,rgb,low_lr_30ep_cosine_3e-4,30,0.0003,cosine,8,0.6366816759109497,0.7575712203979492,0.7730207443237305,0.7527611255645752,0.7618013620376587,13,0.663935,0.656672,0.0072630000000000194,0.6427465081214905,-0.0060648322105407715,0.663811,-0.0071390000000000065
densenet121,timm/densenet121,cloudsen12,rgb,long_30ep_cosine_1e-3,30,0.001,cosine,8,0.6376001834869385,0.7572252154350281,0.7700221538543701,0.7568910121917725,0.7628090381622314,13,0.663325,0.657537,0.005788000000000015,0.6427465081214905,-0.005146324634552002,0.663811,-0.006274000000000002
densenet121,timm/densenet121,cloudsen12,rgb,constant_30ep_1e-3,30,0.001,none,8,0.6341564059257507,0.7556356191635132,0.7698565721511841,0.7502801418304443,0.7594778537750244,13,0.659333,0.65189,0.007442999999999977,0.6427465081214905,-0.008590102195739746,0.663811,-0.01192100000000007
densenet121,timm/densenet121,cloudsen12,rgb,high_lr_30ep_cosine_3e-3,30,0.003,cosine,8,0.6324023008346558,0.7544934749603271,0.7652763724327087,0.7513906955718994,0.7577282190322876,26,0.662004,0.657295,0.004709000000000074,0.6427465081214905,-0.010344207286834717,0.663811,-0.006516000000000077
densenet121,timm/densenet121,cloudsen12,rgb,long_50ep_cosine_1e-3,50,0.001,cosine,8,0.6347523331642151,0.7573873996734619,0.7731415629386902,0.7486549615859985,0.7596228122711182,13,0.660461,0.653832,0.006628999999999996,0.6427465081214905,-0.00799417495727539,0.663811,-0.009979000000000071
densenet121,timm/densenet121,dynamic_earthnet,rgb,baseline_10ep_cosine_1e-3,10,0.001,cosine,8,0.2906713783740997,0.4223577380180359,0.4899250566959381,0.3972188532352447,0.421661227941513,2,0.306096,0.266341,0.039754999999999985,0.2906713783740997,0.0,0.266341,0.0
densenet121,timm/densenet121,dynamic_earthnet,rgb,low_lr_30ep_cosine_3e-4,30,0.0003,cosine,8,0.2763339579105377,0.4163734018802643,0.5056792497634888,0.376749187707901,0.4023624360561371,4,0.302492,0.291332,0.011160000000000003,0.2906713783740997,-0.014337420463561956,0.266341,0.024990999999999985
densenet121,timm/densenet121,dynamic_earthnet,rgb,long_30ep_cosine_1e-3,30,0.001,cosine,8,0.2789230942726135,0.4149153232574463,0.4933492541313171,0.38134765625,0.4064472317695617,2,0.305754,0.255856,0.04989800000000005,0.2906713783740997,-0.01174828410148615,0.266341,-0.010485000000000022
densenet121,timm/densenet121,dynamic_earthnet,rgb,constant_30ep_1e-3,30,0.001,none,8,0.2747155129909515,0.3982436060905456,0.4909547567367553,0.3814079761505127,0.4017916917800903,2,0.30607,0.25593,0.05014000000000002,0.2906713783740997,-0.015955865383148193,0.266341,-0.010411000000000004
densenet121,timm/densenet121,dynamic_earthnet,rgb,high_lr_30ep_cosine_3e-3,30,0.003,cosine,8,0.2821879088878631,0.4131894409656524,0.4850637316703796,0.3879563510417938,0.4120078086853027,4,0.302366,0.250921,0.05144500000000002,0.2906713783740997,-0.008483469486236572,0.266341,-0.01541999999999999
densenet121,timm/densenet121,dynamic_earthnet,rgb,long_50ep_cosine_1e-3,50,0.001,cosine,8,0.270210325717926,0.413798987865448,0.4972936809062958,0.3729065954685211,0.3941542506217956,2,0.305951,0.250252,0.055699,0.2906713783740997,-0.02046105265617365,0.266341,-0.01608900000000002
densenet121,timm/densenet121,pastis,rgb,baseline_10ep_cosine_1e-3,10,0.001,cosine,8,0.1147834360599517,0.3595250248908996,0.2205086648464203,0.1704430133104324,0.1792618930339813,10,0.108156,0.108156,0.0,0.1147834360599517,0.0,0.108156,0.0
densenet121,timm/densenet121,pastis,rgb,low_lr_30ep_cosine_3e-4,30,0.0003,cosine,8,0.1089378893375396,0.3523138463497162,0.2009825110435485,0.1623119264841079,0.1703685373067855,11,0.10873,0.103914,0.004815999999999987,0.1147834360599517,-0.0058455467224120955,0.108156,-0.004241999999999996
densenet121,timm/densenet121,pastis,rgb,long_30ep_cosine_1e-3,30,0.001,cosine,8,0.1090182512998581,0.3494135737419128,0.2021553218364715,0.1628763675689697,0.1715496480464935,10,0.106961,0.103228,0.003733,0.1147834360599517,-0.005765184760093606,0.108156,-0.004928000000000002
densenet121,timm/densenet121,pastis,rgb,constant_30ep_1e-3,30,0.001,none,8,0.1080793812870979,0.3404147028923034,0.1946974098682403,0.1648746132850647,0.1711903512477874,10,0.105784,0.100307,0.00547700000000001,0.1147834360599517,-0.006704054772853796,0.108156,-0.007849000000000009
densenet121,timm/densenet121,pastis,rgb,high_lr_30ep_cosine_3e-3,30,0.003,cosine,8,0.1081746220588684,0.3477726578712463,0.1966338008642196,0.1623873710632324,0.17050102353096,13,0.10962,0.103075,0.006544999999999995,0.1147834360599517,-0.006608814001083305,0.108156,-0.005081000000000002
densenet121,timm/densenet121,pastis,rgb,long_50ep_cosine_1e-3,50,0.001,cosine,8,0.1035772264003753,0.3356695175170898,0.2004569768905639,0.1536329984664917,0.1644118875265121,10,0.106734,0.097719,0.009014999999999995,0.1147834360599517,-0.011206209659576402,0.108156,-0.010437000000000002
efficientnet_b0,timm/efficientnet_b0,burn_scars,all,baseline_10ep_cosine_1e-3,10,0.001,cosine,8,0.820570707321167,0.9107465744018556,0.8999928832054138,0.8910953998565674,0.8946788907051086,8,0.84643,0.832869,0.013561000000000045,0.820570707321167,0.0,0.832869,0.0
efficientnet_b0,timm/efficientnet_b0,burn_scars,all,low_lr_30ep_cosine_3e-4,30,0.0003,cosine,8,0.8407593965530396,0.9143065810203552,0.9158036708831788,0.8951041102409363,0.9052101373672484,24,0.849528,0.795656,0.05387199999999992,0.820570707321167,0.02018868923187256,0.832869,-0.03721299999999994
efficientnet_b0,timm/efficientnet_b0,burn_scars,all,long_30ep_cosine_1e-3,30,0.001,cosine,8,0.785735547542572,0.8929386734962463,0.837099015712738,0.912350296974182,0.8714856505393982,4,0.836025,0.705963,0.130062,0.820570707321167,-0.03483515977859497,0.832869,-0.12690599999999996
efficientnet_b0,timm/efficientnet_b0,burn_scars,all,constant_30ep_1e-3,30,0.001,none,8,0.8016427755355835,0.8894214034080505,0.8491517901420593,0.9191651344299316,0.8798192143440247,4,0.83571,0.734066,0.10164399999999996,0.820570707321167,-0.018927931785583496,0.832869,-0.09880299999999997
efficientnet_b0,timm/efficientnet_b0,burn_scars,all,high_lr_30ep_cosine_3e-3,30,0.003,cosine,8,0.7722479701042175,0.8808567523956299,0.8212572932243347,0.9126620292663574,0.8613396883010864,10,0.822457,0.716172,0.10628499999999996,0.820570707321167,-0.04832273721694946,0.832869,-0.11669699999999994
efficientnet_b0,timm/efficientnet_b0,burn_scars,all,long_50ep_cosine_1e-3,50,0.001,cosine,8,0.7097228169441223,0.8677725195884705,0.7519223690032959,0.92904531955719,0.8213260769844055,4,0.836095,0.642411,0.19368400000000008,0.820570707321167,-0.11084789037704468,0.832869,-0.19045800000000002
efficientnet_b0,timm/efficientnet_b0,cloudsen12,rgb,baseline_10ep_cosine_1e-3,10,0.001,cosine,8,0.5020656585693359,0.6528111696243286,0.7268943786621094,0.6179153919219971,0.6322669982910156,6,0.581926,0.518583,0.06334300000000004,0.5020656585693359,0.0,0.518583,0.0
efficientnet_b0,timm/efficientnet_b0,cloudsen12,rgb,low_lr_30ep_cosine_3e-4,30,0.0003,cosine,8,0.5424298048019409,0.6818839311599731,0.7416563034057617,0.6605457067489624,0.6748453974723816,21,0.597215,0.563969,0.033246,0.5020656585693359,0.04036414623260498,0.518583,0.04538600000000004
efficientnet_b0,timm/efficientnet_b0,cloudsen12,rgb,long_30ep_cosine_1e-3,30,0.001,cosine,8,0.5506635308265686,0.6891882419586182,0.7487156391143799,0.6573721170425415,0.683352530002594,21,0.590655,0.564438,0.026217000000000046,0.5020656585693359,0.048597872257232666,0.518583,0.04585499999999998
efficientnet_b0,timm/efficientnet_b0,cloudsen12,rgb,constant_30ep_1e-3,30,0.001,none,8,0.5203365087509155,0.6708119511604309,0.7538783550262451,0.6202970147132874,0.6485418081283569,15,0.584676,0.534864,0.04981199999999997,0.5020656585693359,0.01827085018157959,0.518583,0.01628099999999999
efficientnet_b0,timm/efficientnet_b0,cloudsen12,rgb,high_lr_30ep_cosine_3e-3,30,0.003,cosine,8,0.5308691263198853,0.6785213351249695,0.7606061100959778,0.6257215738296509,0.6632728576660156,21,0.571177,0.546143,0.025034,0.5020656585693359,0.028803467750549316,0.518583,0.02756000000000003
efficientnet_b0,timm/efficientnet_b0,cloudsen12,rgb,long_50ep_cosine_1e-3,50,0.001,cosine,8,0.5552993416786194,0.6945672035217285,0.769849419593811,0.6546398401260376,0.6875192523002625,21,0.583025,0.573063,0.009962000000000026,0.5020656585693359,0.05323368310928345,0.518583,0.05447999999999997
efficientnet_b0,timm/efficientnet_b0,dynamic_earthnet,rgb,baseline_10ep_cosine_1e-3,10,0.001,cosine,8,0.2628599405288696,0.374265968799591,0.4654450416564941,0.4067955017089844,0.3952106237411499,2,0.287286,0.247501,0.03978499999999999,0.2628599405288696,0.0,0.247501,0.0
efficientnet_b0,timm/efficientnet_b0,dynamic_earthnet,rgb,low_lr_30ep_cosine_3e-4,30,0.0003,cosine,8,0.251398503780365,0.379354327917099,0.4857220947742462,0.3899458646774292,0.3751658797264099,2,0.260953,0.247381,0.013572,0.2628599405288696,-0.011461436748504583,0.247501,-0.00012000000000000899
efficientnet_b0,timm/efficientnet_b0,dynamic_earthnet,rgb,long_30ep_cosine_1e-3,30,0.001,cosine,8,0.2709809839725494,0.382506251335144,0.4701060056686401,0.416014552116394,0.406047910451889,2,0.28691,0.267143,0.01976699999999998,0.2628599405288696,0.00812104344367981,0.247501,0.01964200000000002
efficientnet_b0,timm/efficientnet_b0,dynamic_earthnet,rgb,constant_30ep_1e-3,30,0.001,none,8,0.2380020022392273,0.3053900003433227,0.4787091612815857,0.3972637951374054,0.3654927313327789,2,0.286299,0.235015,0.051284000000000024,0.2628599405288696,-0.02485793828964228,0.247501,-0.012485999999999997
efficientnet_b0,timm/efficientnet_b0,dynamic_earthnet,rgb,high_lr_30ep_cosine_3e-3,30,0.003,cosine,8,0.2395802438259124,0.3443562984466553,0.468451052904129,0.3920004963874817,0.3663956522941589,2,0.274481,0.240055,0.034425999999999984,0.2628599405288696,-0.02327969670295718,0.247501,-0.007446000000000008
efficientnet_b0,timm/efficientnet_b0,dynamic_earthnet,rgb,long_50ep_cosine_1e-3,50,0.001,cosine,8,0.2513645589351654,0.3602351248264313,0.4745687842369079,0.3992755115032196,0.3828249871730804,2,0.287068,0.247251,0.03981699999999999,0.2628599405288696,-0.011495381593704168,0.247501,-0.0002500000000000002
efficientnet_b0,timm/efficientnet_b0,pastis,rgb,baseline_10ep_cosine_1e-3,10,0.001,cosine,8,0.0745224952697753,0.3055358231067657,0.1425996720790863,0.1163846105337143,0.1157540082931518,9,0.08498,0.074593,0.010386999999999993,0.0745224952697753,0.0,0.074593,0.0
efficientnet_b0,timm/efficientnet_b0,pastis,rgb,low_lr_30ep_cosine_3e-4,30,0.0003,cosine,8,0.0842430666089057,0.3225586116313934,0.1548915207386016,0.1299401670694351,0.1306338161230087,26,0.095596,0.083924,0.011672000000000002,0.0745224952697753,0.009720571339130402,0.074593,0.009330999999999992
efficientnet_b0,timm/efficientnet_b0,pastis,rgb,long_30ep_cosine_1e-3,30,0.001,cosine,8,0.0872322022914886,0.3232311010360718,0.1551269739866256,0.1386678665876388,0.1353776454925537,26,0.096658,0.086909,0.009748999999999994,0.0745224952697753,0.012709707021713312,0.074593,0.012315999999999994
efficientnet_b0,timm/efficientnet_b0,pastis,rgb,constant_30ep_1e-3,30,0.001,none,8,0.0870544016361236,0.3231707513332367,0.1409646421670913,0.1426719427108764,0.1346875727176666,29,0.095956,0.086044,0.009912000000000004,0.0745224952697753,0.012531906366348308,0.074593,0.011450999999999989
efficientnet_b0,timm/efficientnet_b0,pastis,rgb,high_lr_30ep_cosine_3e-3,30,0.003,cosine,8,0.0803131684660911,0.3158532977104187,0.1373219341039657,0.1251554787158966,0.1242202892899513,29,0.090692,0.079591,0.011101,0.0745224952697753,0.005790673196315807,0.074593,0.0049979999999999886
efficientnet_b0,timm/efficientnet_b0,pastis,rgb,long_50ep_cosine_1e-3,50,0.001,cosine,8,0.090642549097538,0.3306557238101959,0.1577782332897186,0.1473995149135589,0.1401857435703277,29,0.097699,0.09088,0.006818999999999992,0.0745224952697753,0.0161200538277627,0.074593,0.016286999999999996
maxvit_tiny_tf_224,timm/maxvit_tiny_tf_224,burn_scars,all,baseline_10ep_cosine_1e-3,10,0.001,cosine,8,0.8607030510902405,0.9286675453186036,0.9406017065048218,0.9005295038223267,0.9195092916488647,10,0.847149,0.847149,0.0,0.8607030510902405,0.0,0.847149,0.0
maxvit_tiny_tf_224,timm/maxvit_tiny_tf_224,burn_scars,all,low_lr_30ep_cosine_3e-4,30,0.0003,cosine,8,0.8695487976074219,0.9318646788597108,0.9482219219207764,0.9043054580688475,0.92473167181015,28,0.857975,0.855015,0.0029600000000000737,0.8607030510902405,0.008845746517181396,0.847149,0.007865999999999929
maxvit_tiny_tf_224,timm/maxvit_tiny_tf_224,burn_scars,all,long_30ep_cosine_1e-3,30,0.001,cosine,8,0.8775541186332703,0.9356405735015868,0.9486385583877563,0.913243293762207,0.9299643039703368,28,0.861377,0.859562,0.0018149999999999,0.8607030510902405,0.016851067543029785,0.847149,0.012413000000000007
maxvit_tiny_tf_224,timm/maxvit_tiny_tf_224,burn_scars,all,constant_30ep_1e-3,30,0.001,none,8,0.8648473024368286,0.9281409978866576,0.9493378400802612,0.8974992036819458,0.9209773540496826,24,0.861523,0.855428,0.006095000000000073,0.8607030510902405,0.004144251346588135,0.847149,0.008278999999999925
maxvit_tiny_tf_224,timm/maxvit_tiny_tf_224,burn_scars,all,high_lr_30ep_cosine_3e-3,30,0.003,cosine,8,0.8679375648498535,0.9331903457641602,0.943510890007019,0.9071820974349976,0.9245767593383788,27,0.858024,0.856809,0.001214999999999966,0.8607030510902405,0.007234513759613037,0.847149,0.009660000000000002
maxvit_tiny_tf_224,timm/maxvit_tiny_tf_224,burn_scars,all,long_50ep_cosine_1e-3,50,0.001,cosine,8,0.8771299123764038,0.935329258441925,0.9536452889442444,0.9088006019592284,0.9294668436050416,32,0.866714,0.860668,0.006045999999999996,0.8607030510902405,0.01642686128616333,0.847149,0.013518999999999948
maxvit_tiny_tf_224,timm/maxvit_tiny_tf_224,cloudsen12,rgb,baseline_10ep_cosine_1e-3,10,0.001,cosine,8,0.6553046703338623,0.7716450691223145,0.7970222234725952,0.7618957757949829,0.777355432510376,10,0.677532,0.677532,0.0,0.6553046703338623,0.0,0.677532,0.0
maxvit_tiny_tf_224,timm/maxvit_tiny_tf_224,cloudsen12,rgb,low_lr_30ep_cosine_3e-4,30,0.0003,cosine,8,0.6515843868255615,0.7704165577888489,0.7950265407562256,0.7569486498832703,0.7736930847167969,21,0.672905,0.671885,0.0010200000000000209,0.6553046703338623,-0.0037202835083007812,0.677532,-0.005647000000000069
maxvit_tiny_tf_224,timm/maxvit_tiny_tf_224,cloudsen12,rgb,long_30ep_cosine_1e-3,30,0.001,cosine,8,0.6492938995361328,0.7684372067451477,0.7896350026130676,0.7574673891067505,0.771855354309082,12,0.674845,0.669595,0.005249999999999977,0.6553046703338623,-0.006010770797729492,0.677532,-0.007936999999999972
maxvit_tiny_tf_224,timm/maxvit_tiny_tf_224,cloudsen12,rgb,constant_30ep_1e-3,30,0.001,none,8,0.6347711682319641,0.7597257494926453,0.7824877500534058,0.7421181201934814,0.7593039870262146,12,0.673419,0.656006,0.017413000000000012,0.6553046703338623,-0.020533502101898193,0.677532,-0.021526000000000045
maxvit_tiny_tf_224,timm/maxvit_tiny_tf_224,cloudsen12,rgb,high_lr_30ep_cosine_3e-3,30,0.003,cosine,8,0.6485142111778259,0.7675800323486328,0.7867414951324463,0.7584505081176758,0.7712136507034302,12,0.674297,0.667523,0.006774000000000058,0.6553046703338623,-0.006790459156036377,0.677532,-0.010009000000000046
maxvit_tiny_tf_224,timm/maxvit_tiny_tf_224,cloudsen12,rgb,long_50ep_cosine_1e-3,50,0.001,cosine,8,0.6420525312423706,0.7639473676681519,0.7874726057052612,0.7484435439109802,0.7655209898948669,12,0.673948,0.659028,0.014920000000000044,0.6553046703338623,-0.0132521390914917,0.677532,-0.018504000000000076
maxvit_tiny_tf_224,timm/maxvit_tiny_tf_224,dynamic_earthnet,rgb,baseline_10ep_cosine_1e-3,10,0.001,cosine,8,0.2933880686759949,0.4299053251743316,0.5223040580749512,0.3956685364246368,0.4232885837554931,9,0.308303,0.306252,0.0020509999999999695,0.2933880686759949,0.0,0.306252,0.0
maxvit_tiny_tf_224,timm/maxvit_tiny_tf_224,dynamic_earthnet,rgb,low_lr_30ep_cosine_3e-4,30,0.0003,cosine,8,0.2674767971038818,0.4256777167320251,0.5076950788497925,0.3689551949501037,0.3860819339752197,5,0.309204,0.295324,0.013880000000000003,0.2933880686759949,-0.025911271572113093,0.306252,-0.010928000000000049
maxvit_tiny_tf_224,timm/maxvit_tiny_tf_224,dynamic_earthnet,rgb,long_30ep_cosine_1e-3,30,0.001,cosine,8,0.2790582478046417,0.4255903959274292,0.5170655250549316,0.3817214369773865,0.4041639566421509,9,0.315064,0.3001,0.014964000000000033,0.2933880686759949,-0.01432982087135315,0.306252,-0.006152000000000046
maxvit_tiny_tf_224,timm/maxvit_tiny_tf_224,dynamic_earthnet,rgb,constant_30ep_1e-3,30,0.001,none,8,0.3169213533401489,0.4384561777114868,0.505355954170227,0.4302707016468048,0.452258825302124,29,0.311182,0.275601,0.03558100000000003,0.2933880686759949,0.023533284664154053,0.306252,-0.03065100000000004
maxvit_tiny_tf_224,timm/maxvit_tiny_tf_224,dynamic_earthnet,rgb,high_lr_30ep_cosine_3e-3,30,0.003,cosine,8,0.2934460043907165,0.4262817502021789,0.5156067609786987,0.3979939818382263,0.4228048622608185,5,0.337212,0.313561,0.023651000000000033,0.2933880686759949,5.7935714721624176e-05,0.306252,0.007308999999999954
maxvit_tiny_tf_224,timm/maxvit_tiny_tf_224,dynamic_earthnet,rgb,long_50ep_cosine_1e-3,50,0.001,cosine,8,0.2779847979545593,0.4218547642230987,0.5116294026374817,0.3832442760467529,0.4039136171340942,17,0.305348,0.297011,0.008336999999999983,0.2933880686759949,-0.015403270721435547,0.306252,-0.009241
maxvit_tiny_tf_224,timm/maxvit_tiny_tf_224,pastis,rgb,baseline_10ep_cosine_1e-3,10,0.001,cosine,8,0.1150238513946533,0.3636974692344665,0.2264604866504669,0.1681598722934723,0.1796602308750152,9,0.109455,0.107828,0.0016270000000000034,0.1150238513946533,0.0,0.107828,0.0
maxvit_tiny_tf_224,timm/maxvit_tiny_tf_224,pastis,rgb,low_lr_30ep_cosine_3e-4,30,0.0003,cosine,8,0.1137773245573043,0.3579477071762085,0.2170582413673401,0.1683044731616974,0.1787410676479339,14,0.108614,0.106629,0.0019850000000000007,0.1150238513946533,-0.0012465268373490074,0.107828,-0.0011989999999999917
maxvit_tiny_tf_224,timm/maxvit_tiny_tf_224,pastis,rgb,long_30ep_cosine_1e-3,30,0.001,cosine,8,0.1095891892910003,0.3537247478961944,0.2099335044622421,0.1623113304376602,0.1724824607372284,8,0.109786,0.103382,0.006403999999999993,0.1150238513946533,-0.00543466210365301,0.107828,-0.004445999999999992
maxvit_tiny_tf_224,timm/maxvit_tiny_tf_224,pastis,rgb,constant_30ep_1e-3,30,0.001,none,8,0.1062936335802078,0.343706339597702,0.1873406171798706,0.162312626838684,0.1682619750499725,8,0.110001,0.102544,0.007457000000000005,0.1150238513946533,-0.00873021781444551,0.107828,-0.005283999999999997
maxvit_tiny_tf_224,timm/maxvit_tiny_tf_224,pastis,rgb,high_lr_30ep_cosine_3e-3,30,0.003,cosine,8,0.1074084490537643,0.3480064570903778,0.1996819376945495,0.1603698879480362,0.169409692287445,11,0.110594,0.102915,0.007678999999999991,0.1150238513946533,-0.007615402340889005,0.107828,-0.004912999999999987
maxvit_tiny_tf_224,timm/maxvit_tiny_tf_224,pastis,rgb,long_50ep_cosine_1e-3,50,0.001,cosine,8,0.1037828996777534,0.3437812924385071,0.1982458978891372,0.1543242037296295,0.1637396812438964,8,0.11009,0.100917,0.009172999999999987,0.1150238513946533,-0.0112409517168999,0.107828,-0.006910999999999987
resnet50,timm/resnet50,burn_scars,all,baseline_10ep_cosine_1e-3,10,0.001,cosine,8,0.8839071393013,0.9396028518676758,0.9488883018493652,0.9213292598724364,0.9342106580734252,8,0.85582,0.855271,0.0005490000000000217,0.8839071393013,0.0,0.855271,0.0
resnet50,timm/resnet50,burn_scars,all,low_lr_30ep_cosine_3e-4,30,0.0003,cosine,8,0.882850170135498,0.9383513331413268,0.9582538604736328,0.9123706817626952,0.9330682158470154,29,0.867721,0.861122,0.0065989999999999105,0.8839071393013,-0.001056969165802002,0.855271,0.005851000000000051
resnet50,timm/resnet50,burn_scars,all,long_30ep_cosine_1e-3,30,0.001,cosine,8,0.8858276009559631,0.93967604637146,0.9553505182266236,0.9177188873291016,0.9350517392158508,29,0.866797,0.863691,0.003106000000000053,0.8839071393013,0.001920461654663086,0.855271,0.008419999999999983
resnet50,timm/resnet50,burn_scars,all,constant_30ep_1e-3,30,0.001,none,8,0.8847691416740417,0.939275860786438,0.9595268964767456,0.913515329360962,0.9342790842056274,21,0.868947,0.859601,0.009346000000000076,0.8839071393013,0.0008620023727416992,0.855271,0.004329999999999945
resnet50,timm/resnet50,burn_scars,all,high_lr_30ep_cosine_3e-3,30,0.003,cosine,8,0.879176676273346,0.9364774823188782,0.952057957649231,0.9127814769744872,0.93084979057312,12,0.852728,0.849504,0.0032240000000000046,0.8839071393013,-0.0047304630279541016,0.855271,-0.005766999999999967
resnet50,timm/resnet50,burn_scars,all,long_50ep_cosine_1e-3,50,0.001,cosine,8,0.8875101208686829,0.9402528405189514,0.9559561014175416,0.918834924697876,0.9360729455947876,26,0.869994,0.867047,0.002947000000000033,0.8839071393013,0.0036029815673828125,0.855271,0.011776000000000009
resnet50,timm/resnet50,cloudsen12,rgb,baseline_10ep_cosine_1e-3,10,0.001,cosine,8,0.6363458633422852,0.7574474811553955,0.7739112377166748,0.7512952089309692,0.761695146560669,5,0.661981,0.653455,0.008526000000000034,0.6363458633422852,0.0,0.653455,0.0
resnet50,timm/resnet50,cloudsen12,rgb,low_lr_30ep_cosine_3e-4,30,0.0003,cosine,8,0.6261389255523682,0.7519063353538513,0.7746309041976929,0.735267698764801,0.7521466016769409,5,0.660875,0.643095,0.017780000000000018,0.6363458633422852,-0.010206937789916992,0.653455,-0.010360000000000036
resnet50,timm/resnet50,cloudsen12,rgb,long_30ep_cosine_1e-3,30,0.001,cosine,8,0.6244315505027771,0.750322699546814,0.7703797817230225,0.7356573343276978,0.7507789134979248,5,0.657349,0.639071,0.018278000000000016,0.6363458633422852,-0.011914312839508057,0.653455,-0.014384000000000063
resnet50,timm/resnet50,cloudsen12,rgb,constant_30ep_1e-3,30,0.001,none,8,0.620581865310669,0.7461073994636536,0.7588968276977539,0.7382535934448242,0.7475138902664185,2,0.657004,0.638601,0.018403000000000058,0.6363458633422852,-0.01576399803161621,0.653455,-0.014854000000000034
resnet50,timm/resnet50,cloudsen12,rgb,high_lr_30ep_cosine_3e-3,30,0.003,cosine,8,0.6229565739631653,0.7473819851875305,0.7640084028244019,0.7385557293891907,0.749954104423523,5,0.658127,0.634287,0.023839999999999972,0.6363458633422852,-0.013389289379119873,0.653455,-0.019167999999999963
resnet50,timm/resnet50,cloudsen12,rgb,long_50ep_cosine_1e-3,50,0.001,cosine,8,0.6220861673355103,0.7483516931533813,0.7681326866149902,0.7335721254348755,0.7486606240272522,2,0.656977,0.635933,0.021044000000000063,0.6363458633422852,-0.014259696006774902,0.653455,-0.017522000000000038
resnet50,timm/resnet50,dynamic_earthnet,rgb,baseline_10ep_cosine_1e-3,10,0.001,cosine,8,0.2720376253128052,0.3935832977294922,0.5190269947052002,0.3689683079719543,0.399512231349945,3,0.301473,0.244416,0.057057,0.2720376253128052,0.0,0.244416,0.0
resnet50,timm/resnet50,dynamic_earthnet,rgb,low_lr_30ep_cosine_3e-4,30,0.0003,cosine,8,0.2581620216369629,0.3911184966564178,0.4997022747993469,0.3600765466690063,0.37932288646698,24,0.291562,0.248535,0.04302699999999998,0.2720376253128052,-0.013875603675842285,0.244416,0.0041190000000000115
resnet50,timm/resnet50,dynamic_earthnet,rgb,long_30ep_cosine_1e-3,30,0.001,cosine,8,0.2676365673542022,0.394894927740097,0.5015320777893066,0.3725742101669311,0.3923308849334717,3,0.302426,0.249912,0.05251399999999998,0.2720376253128052,-0.004401057958602961,0.244416,0.005496000000000001
resnet50,timm/resnet50,dynamic_earthnet,rgb,constant_30ep_1e-3,30,0.001,none,8,0.282287061214447,0.4001062512397766,0.4747618734836578,0.3923705220222473,0.4078032374382019,3,0.302309,0.242204,0.06010499999999999,0.2720376253128052,0.010249435901641846,0.244416,-0.0022119999999999918
resnet50,timm/resnet50,dynamic_earthnet,rgb,high_lr_30ep_cosine_3e-3,30,0.003,cosine,8,0.2617697119712829,0.3877283334732055,0.4920146763324737,0.3663503527641296,0.3864333629608154,9,0.304492,0.253187,0.05130499999999999,0.2720376253128052,-0.010267913341522272,0.244416,0.008771000000000001
resnet50,timm/resnet50,dynamic_earthnet,rgb,long_50ep_cosine_1e-3,50,0.001,cosine,8,0.2604794502258301,0.3979124724864959,0.4972411096096039,0.3641811609268188,0.3810521960258484,3,0.302308,0.245627,0.05668100000000001,0.2720376253128052,-0.011558175086975098,0.244416,0.0012110000000000176
resnet50,timm/resnet50,pastis,rgb,baseline_10ep_cosine_1e-3,10,0.001,cosine,8,0.1006510406732559,0.3394085168838501,0.1863380223512649,0.1512199938297271,0.1586711108684539,7,0.103117,0.102252,0.0008650000000000047,0.1006510406732559,0.0,0.102252,0.0
resnet50,timm/resnet50,pastis,rgb,low_lr_30ep_cosine_3e-4,30,0.0003,cosine,8,0.0949538797140121,0.3303354978561401,0.1743550151586532,0.1427209228277206,0.1499475091695785,4,0.103004,0.094464,0.008539999999999992,0.1006510406732559,-0.005697160959243802,0.102252,-0.007787999999999989
resnet50,timm/resnet50,pastis,rgb,long_30ep_cosine_1e-3,30,0.001,cosine,8,0.0932166650891304,0.3260956108570099,0.173215240240097,0.1405610144138336,0.1475903987884521,11,0.100878,0.09313,0.007747999999999991,0.1006510406732559,-0.007434375584125505,0.102252,-0.009121999999999991
resnet50,timm/resnet50,pastis,rgb,constant_30ep_1e-3,30,0.001,none,8,0.0900884494185447,0.3207473456859588,0.1729029566049575,0.1359176039695739,0.142605111002922,11,0.101223,0.092345,0.008877999999999997,0.1006510406732559,-0.010562591254711207,0.102252,-0.009907
resnet50,timm/resnet50,pastis,rgb,high_lr_30ep_cosine_3e-3,30,0.003,cosine,8,0.0929763317108154,0.3252436518669128,0.1721628904342651,0.1396606117486953,0.1472455412149429,8,0.100454,0.093708,0.006746000000000002,0.1006510406732559,-0.007674708962440505,0.102252,-0.008543999999999996
resnet50,timm/resnet50,pastis,rgb,long_50ep_cosine_1e-3,50,0.001,cosine,8,0.0914177745580673,0.3216296434402466,0.1722921133041381,0.1378819942474365,0.1449232697486877,11,0.100637,0.094471,0.006166000000000005,0.1006510406732559,-0.009233266115188613,0.102252,-0.007780999999999996
tgeo_scalemae_large_fmow,torchgeo/scalemae_large_fmow,burn_scars,all,baseline_10ep_cosine_1e-3,10,0.001,cosine,8,0.8966442346572876,0.9484291076660156,0.9469645023345948,0.9391477704048156,0.9428548812866212,8,0.856509,0.8562,0.0003090000000000037,0.8966442346572876,0.0,0.8562,0.0
tgeo_scalemae_large_fmow,torchgeo/scalemae_large_fmow,burn_scars,all,low_lr_30ep_cosine_3e-4,30,0.0003,cosine,8,0.9005547761917114,0.9491571187973022,0.9593693017959596,0.9320163130760192,0.9448148012161256,26,0.865287,0.859371,0.005916000000000032,0.8966442346572876,0.003910541534423828,0.8562,0.003171000000000035
tgeo_scalemae_large_fmow,torchgeo/scalemae_large_fmow,burn_scars,all,long_30ep_cosine_1e-3,30,0.001,cosine,8,0.9011490941047668,0.950320601463318,0.9557647109031676,0.936227798461914,0.9454128742218018,10,0.865616,0.856898,0.008718000000000004,0.8966442346572876,0.004504859447479248,0.8562,0.0006980000000000874
tgeo_scalemae_large_fmow,torchgeo/scalemae_large_fmow,burn_scars,all,constant_30ep_1e-3,30,0.001,none,8,0.9034759998321532,0.9500224590301514,0.9500346183776855,0.9434491395950316,0.9466856718063354,10,0.868653,0.864706,0.003947000000000034,0.8966442346572876,0.006831765174865612,0.8562,0.008506000000000014
tgeo_scalemae_large_fmow,torchgeo/scalemae_large_fmow,burn_scars,all,high_lr_30ep_cosine_3e-3,30,0.003,cosine,8,0.897438645362854,0.9479362964630128,0.9541082382202148,0.933197259902954,0.9430460929870604,13,0.861885,0.850628,0.011256999999999961,0.8966442346572876,0.0007944107055664062,0.8562,-0.00557199999999991
tgeo_scalemae_large_fmow,torchgeo/scalemae_large_fmow,burn_scars,all,long_50ep_cosine_1e-3,50,0.001,cosine,8,0.9043682813644408,0.9501988887786864,0.956997275352478,0.937759280204773,0.9470632076263428,34,0.869264,0.866784,0.0024800000000000377,0.8966442346572876,0.007724046707153209,0.8562,0.010584000000000038
tgeo_scalemae_large_fmow,torchgeo/scalemae_large_fmow,cloudsen12,rgb,baseline_10ep_cosine_1e-3,10,0.001,cosine,8,0.6358472108840942,0.7517244219779968,0.7839313745498657,0.7488138675689697,0.7640632390975952,9,0.658073,0.657448,0.0006249999999999867,0.6358472108840942,0.0,0.657448,0.0
tgeo_scalemae_large_fmow,torchgeo/scalemae_large_fmow,cloudsen12,rgb,low_lr_30ep_cosine_3e-4,30,0.0003,cosine,8,0.6350144147872925,0.7505048513412476,0.7796614766120911,0.750388503074646,0.7634000182151794,22,0.661031,0.65756,0.003471000000000002,0.6358472108840942,-0.0008327960968017578,0.657448,0.00011200000000000099
tgeo_scalemae_large_fmow,torchgeo/scalemae_large_fmow,cloudsen12,rgb,long_30ep_cosine_1e-3,30,0.001,cosine,8,0.635574996471405,0.7508730888366699,0.7773175835609436,0.7529318332672119,0.7638998031616211,22,0.660551,0.657594,0.0029569999999999874,0.6358472108840942,-0.000272214412689209,0.657448,0.00014599999999997948
tgeo_scalemae_large_fmow,torchgeo/scalemae_large_fmow,cloudsen12,rgb,constant_30ep_1e-3,30,0.001,none,8,0.6316579580307007,0.7460154294967651,0.7686936259269714,0.757203221321106,0.761096715927124,22,0.658585,0.64602,0.012564999999999937,0.6358472108840942,-0.004189252853393555,0.657448,-0.011427999999999994
tgeo_scalemae_large_fmow,torchgeo/scalemae_large_fmow,cloudsen12,rgb,high_lr_30ep_cosine_3e-3,30,0.003,cosine,8,0.6356395483016968,0.7503111362457275,0.7740445137023926,0.7560040354728699,0.7640734910964966,17,0.662839,0.659065,0.003773999999999944,0.6358472108840942,-0.00020766258239746094,0.657448,0.0016169999999999796
tgeo_scalemae_large_fmow,torchgeo/scalemae_large_fmow,cloudsen12,rgb,long_50ep_cosine_1e-3,50,0.001,cosine,8,0.6323539614677429,0.7487507462501526,0.7730394601821899,0.7513248920440674,0.7611567974090576,22,0.659387,0.652132,0.0072549999999999,0.6358472108840942,-0.0034932494163513184,0.657448,-0.005315999999999987
tgeo_scalemae_large_fmow,torchgeo/scalemae_large_fmow,dynamic_earthnet,rgb,baseline_10ep_cosine_1e-3,10,0.001,cosine,8,0.2757117748260498,0.4177125990390777,0.5085527896881104,0.3749516606330871,0.3909127712249756,5,0.248929,0.228973,0.019956,0.2757117748260498,0.0,0.228973,0.0
tgeo_scalemae_large_fmow,torchgeo/scalemae_large_fmow,dynamic_earthnet,rgb,low_lr_30ep_cosine_3e-4,30,0.0003,cosine,8,0.2624721527099609,0.3964526653289795,0.504966139793396,0.3668204247951507,0.3768837749958038,5,0.260445,0.213348,0.04709699999999997,0.2757117748260498,-0.013239622116088923,0.228973,-0.015625
tgeo_scalemae_large_fmow,torchgeo/scalemae_large_fmow,dynamic_earthnet,rgb,long_30ep_cosine_1e-3,30,0.001,cosine,8,0.2767911553382873,0.4177038073539734,0.493977427482605,0.3834052681922912,0.3943732976913452,11,0.25954,0.217104,0.042436,0.2757117748260498,0.0010793805122374933,0.228973,-0.011869000000000018
tgeo_scalemae_large_fmow,torchgeo/scalemae_large_fmow,dynamic_earthnet,rgb,constant_30ep_1e-3,30,0.001,none,8,0.2625147700309753,0.3954979479312897,0.482421875,0.3713881075382232,0.3791019916534424,11,0.258328,0.212682,0.04564599999999999,0.2757117748260498,-0.013197004795074518,0.228973,-0.016291
tgeo_scalemae_large_fmow,torchgeo/scalemae_large_fmow,dynamic_earthnet,rgb,high_lr_30ep_cosine_3e-3,30,0.003,cosine,8,0.2714184522628784,0.4122419655323028,0.4992692768573761,0.3774998784065246,0.3883094191551208,11,0.280511,0.226021,0.05449000000000001,0.2757117748260498,-0.004293322563171387,0.228973,-0.00295200000000001
tgeo_scalemae_large_fmow,torchgeo/scalemae_large_fmow,dynamic_earthnet,rgb,long_50ep_cosine_1e-3,50,0.001,cosine,8,0.2784016132354736,0.4169487357139587,0.4909117519855499,0.3823805451393127,0.3951320350170135,11,0.260003,0.213493,0.046509999999999996,0.2757117748260498,0.0026898384094237726,0.228973,-0.015480000000000022
tgeo_scalemae_large_fmow,torchgeo/scalemae_large_fmow,pastis,rgb,baseline_10ep_cosine_1e-3,10,0.001,cosine,8,0.1134024560451507,0.3590437769889831,0.2451147884130478,0.1691412925720214,0.1763551086187362,8,0.115309,0.111869,0.0034399999999999986,0.1134024560451507,0.0,0.111869,0.0
tgeo_scalemae_large_fmow,torchgeo/scalemae_large_fmow,pastis,rgb,low_lr_30ep_cosine_3e-4,30,0.0003,cosine,8,0.1232425719499588,0.3631361722946167,0.2300672233104705,0.1861913651227951,0.1937556266784668,12,0.118768,0.117659,0.0011089999999999989,0.1134024560451507,0.0098401159048081,0.111869,0.0057900000000000035
tgeo_scalemae_large_fmow,torchgeo/scalemae_large_fmow,pastis,rgb,long_30ep_cosine_1e-3,30,0.001,cosine,8,0.1208375394344329,0.3612704575061798,0.2243407219648361,0.182001531124115,0.190105453133583,12,0.121377,0.117171,0.004206000000000001,0.1134024560451507,0.007435083389282199,0.111869,0.005302000000000001
tgeo_scalemae_large_fmow,torchgeo/scalemae_large_fmow,pastis,rgb,constant_30ep_1e-3,30,0.001,none,8,0.109461024403572,0.3468535244464874,0.2200147360563278,0.1645035743713379,0.174339011311531,12,0.117592,0.108619,0.008973000000000009,0.1134024560451507,-0.003941431641578702,0.111869,-0.003250000000000003
tgeo_scalemae_large_fmow,torchgeo/scalemae_large_fmow,pastis,rgb,high_lr_30ep_cosine_3e-3,30,0.003,cosine,8,0.1143516972661018,0.3593374192714691,0.2336464524269104,0.1700295507907867,0.1796203106641769,12,0.121184,0.114708,0.006475999999999996,0.1134024560451507,0.0009492412209510942,0.111869,0.002839000000000008
tgeo_scalemae_large_fmow,torchgeo/scalemae_large_fmow,pastis,rgb,long_50ep_cosine_1e-3,50,0.001,cosine,8,0.1120769828557968,0.3490219414234161,0.2128609120845794,0.1677456200122833,0.1779083609580993,12,0.119575,0.109335,0.010239999999999999,0.1134024560451507,-0.0013254731893539012,0.111869,-0.0025339999999999946
tgeo_swinv2b_s2rgb_satlas_mi,torchgeo/swinv2b_s2rgb_satlas_mi,burn_scars,all,baseline_10ep_cosine_1e-3,10,0.001,cosine,8,0.8475850820541382,0.9297206401824952,0.928176999092102,0.8995808959007263,0.9129865169525146,10,0.824532,0.824532,0.0,0.8475850820541382,0.0,0.824532,0.0
tgeo_swinv2b_s2rgb_satlas_mi,torchgeo/swinv2b_s2rgb_satlas_mi,burn_scars,all,low_lr_30ep_cosine_3e-4,30,0.0003,cosine,8,0.8367698788642883,0.9290103912353516,0.9467977285385132,0.8724271059036255,0.9068548679351808,29,0.849995,0.842308,0.007686999999999999,0.8475850820541382,-0.010815203189849854,0.824532,0.017775999999999903
tgeo_swinv2b_s2rgb_satlas_mi,torchgeo/swinv2b_s2rgb_satlas_mi,burn_scars,all,long_30ep_cosine_1e-3,30,0.001,cosine,8,0.848227322101593,0.92916077375412,0.9365006685256958,0.8921366930007935,0.9133038520812988,29,0.854822,0.848476,0.006345999999999963,0.8475850820541382,0.000642240047454834,0.824532,0.023943999999999965
tgeo_swinv2b_s2rgb_satlas_mi,torchgeo/swinv2b_s2rgb_satlas_mi,burn_scars,all,constant_30ep_1e-3,30,0.001,none,8,0.804847776889801,0.92426860332489,0.935072660446167,0.8483515977859497,0.8874841928482056,28,0.840637,0.816403,0.024233999999999978,0.8475850820541382,-0.04273730516433716,0.824532,-0.008129000000000053
tgeo_swinv2b_s2rgb_satlas_mi,torchgeo/swinv2b_s2rgb_satlas_mi,burn_scars,all,high_lr_30ep_cosine_3e-3,30,0.003,cosine,8,0.8288660645484924,0.9258216023445128,0.9334044456481934,0.8742872476577759,0.9020219445228576,26,0.843406,0.83942,0.003985999999999934,0.8475850820541382,-0.018719017505645752,0.824532,0.014888000000000012
tgeo_swinv2b_s2rgb_satlas_mi,torchgeo/swinv2b_s2rgb_satlas_mi,burn_scars,all,long_50ep_cosine_1e-3,50,0.001,cosine,8,0.8519998788833618,0.9295682907104492,0.9338195323944092,0.8984785079956055,0.9155210852622986,31,0.849698,0.844311,0.00538699999999992,0.8475850820541382,0.004414796829223633,0.824532,0.01977899999999999
tgeo_swinv2b_s2rgb_satlas_mi,torchgeo/swinv2b_s2rgb_satlas_mi,cloudsen12,rgb,baseline_10ep_cosine_1e-3,10,0.001,cosine,8,0.5993571281433105,0.7324743866920471,0.7548882961273193,0.706717848777771,0.7263151407241821,7,0.622362,0.619289,0.0030729999999999924,0.5993571281433105,0.0,0.619289,0.0
tgeo_swinv2b_s2rgb_satlas_mi,torchgeo/swinv2b_s2rgb_satlas_mi,cloudsen12,rgb,low_lr_30ep_cosine_3e-4,30,0.0003,cosine,8,0.6159137487411499,0.7430289387702942,0.759833574295044,0.7276533842086792,0.7417945861816406,26,0.643492,0.639845,0.003646999999999956,0.5993571281433105,0.016556620597839355,0.619289,0.02055600000000002
tgeo_swinv2b_s2rgb_satlas_mi,torchgeo/swinv2b_s2rgb_satlas_mi,cloudsen12,rgb,long_30ep_cosine_1e-3,30,0.001,cosine,8,0.6122882962226868,0.7404996752738953,0.7565940618515015,0.7249124050140381,0.7387573719024658,26,0.642176,0.637485,0.004691000000000001,0.5993571281433105,0.01293116807937622,0.619289,0.01819599999999999
tgeo_swinv2b_s2rgb_satlas_mi,torchgeo/swinv2b_s2rgb_satlas_mi,cloudsen12,rgb,constant_30ep_1e-3,30,0.001,none,8,0.5907810926437378,0.7311505079269409,0.7722762823104858,0.6856827735900879,0.7169688940048218,25,0.637629,0.60406,0.03356899999999996,0.5993571281433105,-0.008576035499572754,0.619289,-0.015228999999999937
tgeo_swinv2b_s2rgb_satlas_mi,torchgeo/swinv2b_s2rgb_satlas_mi,cloudsen12,rgb,high_lr_30ep_cosine_3e-3,30,0.003,cosine,8,0.6180846095085144,0.7439786195755005,0.7573726177215576,0.7329787015914917,0.7439547777175903,26,0.647887,0.645202,0.0026849999999999374,0.5993571281433105,0.018727481365203857,0.619289,0.025913000000000075
tgeo_swinv2b_s2rgb_satlas_mi,torchgeo/swinv2b_s2rgb_satlas_mi,cloudsen12,rgb,long_50ep_cosine_1e-3,50,0.001,cosine,8,0.6178193092346191,0.7433058619499207,0.7563711404800415,0.7337877154350281,0.7440633773803711,47,0.644354,0.643401,0.0009529999999999816,0.5993571281433105,0.018462181091308594,0.619289,0.024112000000000022
tgeo_swinv2b_s2rgb_satlas_mi,torchgeo/swinv2b_s2rgb_satlas_mi,dynamic_earthnet,rgb,baseline_10ep_cosine_1e-3,10,0.001,cosine,8,0.2453678250312805,0.3589135408401489,0.4445690810680389,0.3614649474620819,0.3688108623027801,10,0.262546,0.262546,0.0,0.2453678250312805,0.0,0.262546,0.0
tgeo_swinv2b_s2rgb_satlas_mi,torchgeo/swinv2b_s2rgb_satlas_mi,dynamic_earthnet,rgb,low_lr_30ep_cosine_3e-4,30,0.0003,cosine,8,0.2502518892288208,0.3679084479808807,0.4679322242736816,0.3743929862976074,0.3726701736450195,13,0.261781,0.200515,0.06126599999999999,0.2453678250312805,0.004884064197540311,0.262546,-0.062031
tgeo_swinv2b_s2rgb_satlas_mi,torchgeo/swinv2b_s2rgb_satlas_mi,dynamic_earthnet,rgb,long_30ep_cosine_1e-3,30,0.001,cosine,8,0.2391186356544494,0.3556193709373474,0.4530321955680847,0.3609889149665832,0.3603459298610687,12,0.254664,0.227593,0.02707100000000001,0.2453678250312805,-0.0062491893768310824,0.262546,-0.03495300000000001
tgeo_swinv2b_s2rgb_satlas_mi,torchgeo/swinv2b_s2rgb_satlas_mi,dynamic_earthnet,rgb,constant_30ep_1e-3,30,0.001,none,8,0.2291760742664337,0.3429048657417297,0.4466821551322937,0.3542640805244446,0.3489935994148254,27,0.253922,0.226503,0.02741899999999997,0.2453678250312805,-0.016191750764846802,0.262546,-0.03604299999999999
tgeo_swinv2b_s2rgb_satlas_mi,torchgeo/swinv2b_s2rgb_satlas_mi,dynamic_earthnet,rgb,high_lr_30ep_cosine_3e-3,30,0.003,cosine,8,0.2364711761474609,0.3566761016845703,0.4477347433567047,0.3586298823356628,0.3547607958316803,29,0.274906,0.251458,0.02344799999999997,0.2453678250312805,-0.00889664888381958,0.262546,-0.011087999999999987
tgeo_swinv2b_s2rgb_satlas_mi,torchgeo/swinv2b_s2rgb_satlas_mi,dynamic_earthnet,rgb,long_50ep_cosine_1e-3,50,0.001,cosine,8,0.2315973043441772,0.3432111442089081,0.4416033625602722,0.3533250689506531,0.3525570631027221,13,0.255475,0.211681,0.043794,0.2453678250312805,-0.0137705206871033,0.262546,-0.050864999999999994
tgeo_swinv2b_s2rgb_satlas_mi,torchgeo/swinv2b_s2rgb_satlas_mi,pastis,rgb,baseline_10ep_cosine_1e-3,10,0.001,cosine,8,0.0946366637945175,0.3377303183078766,0.1871129870414734,0.1423451155424118,0.1465356945991516,10,0.091122,0.091122,0.0,0.0946366637945175,0.0,0.091122,0.0
tgeo_swinv2b_s2rgb_satlas_mi,torchgeo/swinv2b_s2rgb_satlas_mi,pastis,rgb,low_lr_30ep_cosine_3e-4,30,0.0003,cosine,8,0.1019593477249145,0.3435669839382171,0.203792542219162,0.1528965085744857,0.1593956649303436,29,0.098903,0.096343,0.0025600000000000067,0.0946366637945175,0.007322683930396992,0.091122,0.005221000000000003
tgeo_swinv2b_s2rgb_satlas_mi,torchgeo/swinv2b_s2rgb_satlas_mi,pastis,rgb,long_30ep_cosine_1e-3,30,0.001,cosine,8,0.1049200668931007,0.3444518744945526,0.2178624719381332,0.1566083431243896,0.1651401817798614,29,0.101607,0.099617,0.0019900000000000057,0.0946366637945175,0.010283403098583194,0.091122,0.008495000000000003
tgeo_swinv2b_s2rgb_satlas_mi,torchgeo/swinv2b_s2rgb_satlas_mi,pastis,rgb,constant_30ep_1e-3,30,0.001,none,8,0.1019278615713119,0.3323811292648315,0.2019189149141311,0.1524703353643417,0.1617405116558075,23,0.10049,0.095792,0.004697999999999994,0.0946366637945175,0.007291197776794392,0.091122,0.0046700000000000075
tgeo_swinv2b_s2rgb_satlas_mi,torchgeo/swinv2b_s2rgb_satlas_mi,pastis,rgb,high_lr_30ep_cosine_3e-3,30,0.003,cosine,8,0.1041615009307861,0.3463160395622253,0.2086479365825653,0.1561137735843658,0.1634898036718368,23,0.102422,0.100368,0.0020540000000000003,0.0946366637945175,0.009524837136268602,0.091122,0.009246000000000004
tgeo_swinv2b_s2rgb_satlas_mi,torchgeo/swinv2b_s2rgb_satlas_mi,pastis,rgb,long_50ep_cosine_1e-3,50,0.001,cosine,8,0.1061882153153419,0.3413344919681549,0.1987822502851486,0.160476803779602,0.1681395173072815,28,0.103148,0.099181,0.003966999999999998,0.0946366637945175,0.01155155152082439,0.091122,0.00805900000000001
